[{"@type":"mappingTemplate","id":"@1","name":"seflks","description":"","bundleVersion":"0","templateId":"@3","deployTime":1585684307000,"hasParameters":false,"valid":true,"fixedConnection":true,"hasParametersDeployed":false,"fixedConnectionDeployed":true,"tasks":1,"mappingPreviewFileRecordId":"@2","documentType":"","references":[{"@type":"reference","refObjectId":"@b6qEeOGposvlb4vYQFR2Mc","refType":"connection"},{"@type":"reference","refObjectId":"@2c3ACJwT4gEjQ3n0Z73Syx","refType":"connection"}]}]