[{"@type":"mappingTemplate","id":"@1","name":"HandleSpclChar_FileName_tst_07","description":"Date support for FF target-name in CMD (mmddyyy (%m%d%Y)- Negative testcase-Donot select handle special character","bundleVersion":"0","templateId":"@3","deployTime":1569366574000,"hasParameters":false,"valid":true,"fixedConnection":true,"hasParametersDeployed":false,"fixedConnectionDeployed":true,"tasks":0,"mappingPreviewFileRecordId":"@2","documentType":"","references":[{"@type":"reference","refObjectId":"@2HeFbUvk6eTbAQBDaGncu5","refType":"connection"}]}]