[{"@type":"mappingTemplate","id":"@1","name":"m_seqgen_2_diff_Src_multi_target","description":"Same seqgen and 2 different source is used for multi-target","bundleVersion":"0","templateId":"@3","deployTime":1585684306000,"hasParameters":false,"valid":true,"fixedConnection":true,"hasParametersDeployed":false,"fixedConnectionDeployed":true,"tasks":0,"mappingPreviewFileRecordId":"@2","documentType":"","references":[{"@type":"reference","refObjectId":"@b6qEeOGposvlb4vYQFR2Mc","refType":"connection"},{"@type":"reference","refObjectId":"@2c3ACJwT4gEjQ3n0Z73Syx","refType":"connection"}]}]