[{"@type":"mappingTemplate","id":"@1","name":"CMD_Partition_MultiSRC_KeyRangedate_DB","description":"","bundleVersion":"0","templateId":"@3","hasParameters":true,"valid":true,"fixedConnection":true,"hasParametersDeployed":false,"fixedConnectionDeployed":false,"tasks":0,"mappingPreviewFileRecordId":"@2","documentType":"","references":[{"@type":"reference","refObjectId":"@2HeFbUvk6eTbAQBDaGncu5","refType":"connection"},{"@type":"reference","refObjectId":"@2pLmC6ZYlbyc0nEWi0Fvu0","refType":"connection"}]}]