[{"@type":"mappingTemplate","id":"@1","name":"CMD_TransfNonParamtr","description":"Older scenario","bundleVersion":"0","templateId":"@3","hasParameters":false,"valid":true,"fixedConnection":true,"hasParametersDeployed":false,"fixedConnectionDeployed":false,"tasks":0,"mappingPreviewFileRecordId":"@2","documentType":"","references":[{"@type":"reference","refObjectId":"@1O1bsftUnkOgalgZK7nGQJ","refType":"connection"},{"@type":"reference","refObjectId":"@6xTcuWSBAq3iUrg9Es26AH","refType":"connection"}]}]